{
	"id": "86c4b6b2-c87b-4726-b901-0973cc9af563",
	"name": "2ehandswebsite.Tst.postman_environment.json",
	"values": [
		{
			"key": "BaseURL",
			"value": "https://tst.vab.be/",
			"enabled": true
		},
		{
			"key": "Filter-get_responsebody",
			"value": {
				"Filters": [
					{
						"IsChanged": false,
						"Label": "Merk",
						"List": [
							{
								"Checked": false,
								"Count": 2,
								"Id": "2495",
								"Label": "Alfa Romeo"
							},
							{
								"Checked": false,
								"Count": 11,
								"Id": "2496",
								"Label": "Audi"
							},
							{
								"Checked": false,
								"Count": 5,
								"Id": "2497",
								"Label": "BMW"
							},
							{
								"Checked": false,
								"Count": 6,
								"Id": "2498",
								"Label": "Citroën"
							},
							{
								"Checked": false,
								"Count": 1,
								"Id": "2500",
								"Label": "Fiat"
							},
							{
								"Checked": false,
								"Count": 7,
								"Id": "2501",
								"Label": "Ford"
							},
							{
								"Checked": false,
								"Count": 1,
								"Id": "2502",
								"Label": "Hyundai"
							},
							{
								"Checked": false,
								"Count": 1,
								"Id": "2503",
								"Label": "Infiniti"
							},
							{
								"Checked": false,
								"Count": 1,
								"Id": "2504",
								"Label": "Jaguar"
							},
							{
								"Checked": false,
								"Count": 1,
								"Id": "2505",
								"Label": "Jeep"
							},
							{
								"Checked": false,
								"Count": 3,
								"Id": "2506",
								"Label": "Kia"
							},
							{
								"Checked": false,
								"Count": 1,
								"Id": "2508",
								"Label": "Mazda"
							},
							{
								"Checked": false,
								"Count": 6,
								"Id": "2509",
								"Label": "Mercedes"
							},
							{
								"Checked": false,
								"Count": 1,
								"Id": "2510",
								"Label": "Mini"
							},
							{
								"Checked": false,
								"Count": 2,
								"Id": "2513",
								"Label": "Opel"
							},
							{
								"Checked": false,
								"Count": 6,
								"Id": "2514",
								"Label": "Peugeot"
							},
							{
								"Checked": false,
								"Count": 3,
								"Id": "2515",
								"Label": "Renault"
							},
							{
								"Checked": false,
								"Count": 3,
								"Id": "2516",
								"Label": "Seat"
							},
							{
								"Checked": false,
								"Count": 3,
								"Id": "2517",
								"Label": "Skoda"
							},
							{
								"Checked": false,
								"Count": 1,
								"Id": "2519",
								"Label": "Ssangyong"
							},
							{
								"Checked": false,
								"Count": 1,
								"Id": "2521",
								"Label": "Toyota"
							},
							{
								"Checked": false,
								"Count": 7,
								"Id": "2522",
								"Label": "Volkswagen"
							},
							{
								"Checked": false,
								"Count": 1,
								"Id": "2523",
								"Label": "Volvo"
							}
						],
						"UniqueCode": "Merk"
					},
					{
						"IsChanged": false,
						"Label": "Prijs",
						"List": [
							{
								"Checked": false,
								"Count": 1,
								"Id": "0-10000",
								"Label": "... - € 10.000"
							},
							{
								"Checked": false,
								"Count": 18,
								"Id": "10001-14999",
								"Label": "€ 10.000 - € 15.000"
							},
							{
								"Checked": false,
								"Count": 19,
								"Id": "15000-19999",
								"Label": "€ 15.000 - € 20.000"
							},
							{
								"Checked": false,
								"Count": 24,
								"Id": "20000-24999",
								"Label": "€ 20.000 - € 25.000"
							},
							{
								"Checked": false,
								"Count": 12,
								"Id": "25000-",
								"Label": "€ 25.000 - ..."
							}
						],
						"UniqueCode": "PrijsCategorie"
					},
					{
						"IsChanged": false,
						"Label": "Brandstof",
						"List": [
							{
								"Checked": false,
								"Count": 64,
								"Id": "1",
								"Label": "Benzine"
							},
							{
								"Checked": false,
								"Count": 1,
								"Id": "6",
								"Label": "CNG"
							},
							{
								"Checked": false,
								"Count": 8,
								"Id": "2",
								"Label": "Diesel"
							},
							{
								"Checked": false,
								"Count": 1,
								"Id": "5",
								"Label": "Elektrisch"
							}
						],
						"UniqueCode": "Brandstof"
					},
					{
						"IsChanged": false,
						"Label": "Transmissie",
						"List": [
							{
								"Checked": false,
								"Count": 26,
								"Id": "0a525e8bf69941f6896b3529cba5c311",
								"Label": "Automaat"
							},
							{
								"Checked": false,
								"Count": 48,
								"Id": "f5abf91b7bcf49a18e0dd5ae05137e13",
								"Label": "Handgeschakeld"
							}
						],
						"UniqueCode": "Transmissie"
					},
					{
						"IsChanged": false,
						"Label": "Zitplaatsen",
						"List": [
							{
								"Checked": false,
								"Count": 3,
								"Id": ">5",
								"Label": "Meer dan 5"
							}
						],
						"UniqueCode": "Zitplaatsen"
					},
					{
						"IsChanged": false,
						"Label": "Categorie",
						"List": [
							{
								"Checked": false,
								"Count": 3,
								"Id": "4",
								"Label": "Cabriolet"
							},
							{
								"Checked": false,
								"Count": 4,
								"Id": "10",
								"Label": "Compact SUV"
							},
							{
								"Checked": false,
								"Count": 2,
								"Id": "5",
								"Label": "Ecologisch"
							},
							{
								"Checked": false,
								"Count": 61,
								"Id": "3",
								"Label": "Gezinswagen"
							},
							{
								"Checked": false,
								"Count": 32,
								"Id": "7",
								"Label": "Grote gezinswagen"
							},
							{
								"Checked": false,
								"Count": 24,
								"Id": "8",
								"Label": "Hoge instap"
							},
							{
								"Checked": false,
								"Count": 1,
								"Id": "11",
								"Label": "Minibus"
							},
							{
								"Checked": false,
								"Count": 16,
								"Id": "2",
								"Label": "Sportief"
							},
							{
								"Checked": false,
								"Count": 11,
								"Id": "1",
								"Label": "Stadswagen"
							},
							{
								"Checked": false,
								"Count": 13,
								"Id": "6",
								"Label": "SUV - 4x4"
							}
						],
						"UniqueCode": "Categorie"
					}
				]
			},
			"enabled": true
		},
		{
			"key": "FilteredCategoryCount",
			"value": 3,
			"enabled": true
		},
		{
			"key": "ProductList-Put-SelectCategory-RequestBody",
			"value": "{\"Filters\":[{\"List\":[{\"Id\":\"2495\",\"Label\":\"Alfa Romeo\",\"Count\":2,\"Checked\":false},{\"Id\":\"2496\",\"Label\":\"Audi\",\"Count\":11,\"Checked\":false},{\"Id\":\"2497\",\"Label\":\"BMW\",\"Count\":5,\"Checked\":false},{\"Id\":\"2498\",\"Label\":\"Citroën\",\"Count\":6,\"Checked\":false},{\"Id\":\"2500\",\"Label\":\"Fiat\",\"Count\":1,\"Checked\":false},{\"Id\":\"2501\",\"Label\":\"Ford\",\"Count\":7,\"Checked\":false},{\"Id\":\"2502\",\"Label\":\"Hyundai\",\"Count\":1,\"Checked\":false},{\"Id\":\"2503\",\"Label\":\"Infiniti\",\"Count\":1,\"Checked\":false},{\"Id\":\"2504\",\"Label\":\"Jaguar\",\"Count\":1,\"Checked\":false},{\"Id\":\"2505\",\"Label\":\"Jeep\",\"Count\":1,\"Checked\":false},{\"Id\":\"2506\",\"Label\":\"Kia\",\"Count\":3,\"Checked\":false},{\"Id\":\"2508\",\"Label\":\"Mazda\",\"Count\":1,\"Checked\":false},{\"Id\":\"2509\",\"Label\":\"Mercedes\",\"Count\":6,\"Checked\":false},{\"Id\":\"2510\",\"Label\":\"Mini\",\"Count\":1,\"Checked\":false},{\"Id\":\"2513\",\"Label\":\"Opel\",\"Count\":2,\"Checked\":false},{\"Id\":\"2514\",\"Label\":\"Peugeot\",\"Count\":6,\"Checked\":false},{\"Id\":\"2515\",\"Label\":\"Renault\",\"Count\":3,\"Checked\":false},{\"Id\":\"2516\",\"Label\":\"Seat\",\"Count\":3,\"Checked\":false},{\"Id\":\"2517\",\"Label\":\"Skoda\",\"Count\":3,\"Checked\":false},{\"Id\":\"2519\",\"Label\":\"Ssangyong\",\"Count\":1,\"Checked\":false},{\"Id\":\"2521\",\"Label\":\"Toyota\",\"Count\":1,\"Checked\":false},{\"Id\":\"2522\",\"Label\":\"Volkswagen\",\"Count\":7,\"Checked\":false},{\"Id\":\"2523\",\"Label\":\"Volvo\",\"Count\":1,\"Checked\":false}],\"IsChanged\":false,\"Label\":\"Merk\",\"UniqueCode\":\"Merk\"},{\"List\":[{\"Id\":\"0-10000\",\"Label\":\"... - € 10.000\",\"Count\":1,\"Checked\":false},{\"Id\":\"10001-14999\",\"Label\":\"€ 10.000 - € 15.000\",\"Count\":18,\"Checked\":false},{\"Id\":\"15000-19999\",\"Label\":\"€ 15.000 - € 20.000\",\"Count\":19,\"Checked\":false},{\"Id\":\"20000-24999\",\"Label\":\"€ 20.000 - € 25.000\",\"Count\":24,\"Checked\":false},{\"Id\":\"25000-\",\"Label\":\"€ 25.000 - ...\",\"Count\":12,\"Checked\":false}],\"IsChanged\":false,\"Label\":\"Prijs\",\"UniqueCode\":\"PrijsCategorie\"},{\"List\":[{\"Id\":\"1\",\"Label\":\"Benzine\",\"Count\":64,\"Checked\":false},{\"Id\":\"6\",\"Label\":\"CNG\",\"Count\":1,\"Checked\":false},{\"Id\":\"2\",\"Label\":\"Diesel\",\"Count\":8,\"Checked\":false},{\"Id\":\"5\",\"Label\":\"Elektrisch\",\"Count\":1,\"Checked\":false}],\"IsChanged\":false,\"Label\":\"Brandstof\",\"UniqueCode\":\"Brandstof\"},{\"List\":[{\"Id\":\"0a525e8bf69941f6896b3529cba5c311\",\"Label\":\"Automaat\",\"Count\":26,\"Checked\":false},{\"Id\":\"f5abf91b7bcf49a18e0dd5ae05137e13\",\"Label\":\"Handgeschakeld\",\"Count\":48,\"Checked\":false}],\"IsChanged\":false,\"Label\":\"Transmissie\",\"UniqueCode\":\"Transmissie\"},{\"List\":[{\"Id\":\">5\",\"Label\":\"Meer dan 5\",\"Count\":3,\"Checked\":false}],\"IsChanged\":false,\"Label\":\"Zitplaatsen\",\"UniqueCode\":\"Zitplaatsen\"},{\"List\":[{\"Id\":\"4\",\"Label\":\"Cabriolet\",\"Count\":3,\"Checked\":true},{\"Id\":\"10\",\"Label\":\"Compact SUV\",\"Count\":4,\"Checked\":false},{\"Id\":\"5\",\"Label\":\"Ecologisch\",\"Count\":2,\"Checked\":false},{\"Id\":\"3\",\"Label\":\"Gezinswagen\",\"Count\":61,\"Checked\":false},{\"Id\":\"7\",\"Label\":\"Grote gezinswagen\",\"Count\":32,\"Checked\":false},{\"Id\":\"8\",\"Label\":\"Hoge instap\",\"Count\":24,\"Checked\":false},{\"Id\":\"11\",\"Label\":\"Minibus\",\"Count\":1,\"Checked\":false},{\"Id\":\"2\",\"Label\":\"Sportief\",\"Count\":16,\"Checked\":false},{\"Id\":\"1\",\"Label\":\"Stadswagen\",\"Count\":11,\"Checked\":false},{\"Id\":\"6\",\"Label\":\"SUV - 4x4\",\"Count\":13,\"Checked\":false}],\"IsChanged\":false,\"Label\":\"Categorie\",\"UniqueCode\":\"Categorie\"}]}",
			"enabled": true
		},
		{
			"key": "filteredCarCategory",
			"value": "Cabriolet",
			"enabled": true
		},
		{
			"key": "quicksearchget_responsebody",
			"value": {
				"Components": [
					{
						"IsChanged": false,
						"Label": "Merk",
						"List": [
							{
								"Id": "0",
								"Name": "Alle",
								"UrlId": ""
							},
							{
								"Id": "2495",
								"Name": "Alfa Romeo",
								"UrlId": "alfa-romeo"
							},
							{
								"Id": "2496",
								"Name": "Audi",
								"UrlId": "audi"
							},
							{
								"Id": "2497",
								"Name": "BMW",
								"UrlId": "bmw"
							},
							{
								"Id": "2498",
								"Name": "Citroën",
								"UrlId": "citro%c3%abn"
							},
							{
								"Id": "2500",
								"Name": "Fiat",
								"UrlId": "fiat"
							},
							{
								"Id": "2501",
								"Name": "Ford",
								"UrlId": "ford"
							},
							{
								"Id": "2502",
								"Name": "Hyundai",
								"UrlId": "hyundai"
							},
							{
								"Id": "2503",
								"Name": "Infiniti",
								"UrlId": "infiniti"
							},
							{
								"Id": "2504",
								"Name": "Jaguar",
								"UrlId": "jaguar"
							},
							{
								"Id": "2505",
								"Name": "Jeep",
								"UrlId": "jeep"
							},
							{
								"Id": "2506",
								"Name": "Kia",
								"UrlId": "kia"
							},
							{
								"Id": "2508",
								"Name": "Mazda",
								"UrlId": "mazda"
							},
							{
								"Id": "2509",
								"Name": "Mercedes",
								"UrlId": "mercedes"
							},
							{
								"Id": "2510",
								"Name": "Mini",
								"UrlId": "mini"
							},
							{
								"Id": "2513",
								"Name": "Opel",
								"UrlId": "opel"
							},
							{
								"Id": "2514",
								"Name": "Peugeot",
								"UrlId": "peugeot"
							},
							{
								"Id": "2515",
								"Name": "Renault",
								"UrlId": "renault"
							},
							{
								"Id": "2516",
								"Name": "Seat",
								"UrlId": "seat"
							},
							{
								"Id": "2517",
								"Name": "Skoda",
								"UrlId": "skoda"
							},
							{
								"Id": "2519",
								"Name": "Ssangyong",
								"UrlId": "ssangyong"
							},
							{
								"Id": "2521",
								"Name": "Toyota",
								"UrlId": "toyota"
							},
							{
								"Id": "2522",
								"Name": "Volkswagen",
								"UrlId": "volkswagen"
							},
							{
								"Id": "2523",
								"Name": "Volvo",
								"UrlId": "volvo"
							}
						],
						"SelectedValue": "0--",
						"UniqueCode": "Merk"
					},
					{
						"IsChanged": false,
						"Label": "Model",
						"List": [
							{
								"Id": "0",
								"Name": "Alle",
								"UrlId": ""
							}
						],
						"SelectedValue": "0--",
						"UniqueCode": "ModelSerie"
					},
					{
						"IsChanged": false,
						"Label": "Prijs",
						"List": [
							{
								"From": 0,
								"Id": "0",
								"Name": "Alle",
								"To": 0,
								"UrlId": ""
							},
							{
								"From": 0,
								"Id": "0-10000",
								"Name": "... - € 10.000",
								"To": 10000,
								"UrlId": "0-10000"
							},
							{
								"From": 10001,
								"Id": "10001-14999",
								"Name": "€ 10.000 - € 15.000",
								"To": 14999,
								"UrlId": "10001-14999"
							},
							{
								"From": 15000,
								"Id": "15000-19999",
								"Name": "€ 15.000 - € 20.000",
								"To": 19999,
								"UrlId": "15000-19999"
							},
							{
								"From": 20000,
								"Id": "20000-24999",
								"Name": "€ 20.000 - € 25.000",
								"To": 24999,
								"UrlId": "20000-24999"
							},
							{
								"From": 25000,
								"Id": "25000-",
								"Name": "€ 25.000 - ...",
								"To": 0,
								"UrlId": "25000-"
							}
						],
						"SelectedValue": "0--",
						"UniqueCode": "PrijsCategorie"
					}
				],
				"ListPageLink": "/auto/tweedehandswagens/producten-lijst",
				"ShowAllResultsButtonText": "Bekijk volledig aanbod",
				"ShowSelectedResultsButtonText": "Toon selectie",
				"Title": "Ik zoek een specifieke wagen"
			},
			"enabled": true
		},
		{
			"key": "quicksearch-putBrand_requestBody",
			"value": "{\"Title\":\"Ik zoek een specifieke wagen\",\"Components\":[{\"List\":[{\"Id\":\"0\",\"Name\":\"Alle\",\"UrlId\":\"\"},{\"Id\":\"2495\",\"Name\":\"Alfa Romeo\",\"UrlId\":\"alfa-romeo\"},{\"Id\":\"2496\",\"Name\":\"Audi\",\"UrlId\":\"audi\"},{\"Id\":\"2497\",\"Name\":\"BMW\",\"UrlId\":\"bmw\"},{\"Id\":\"2498\",\"Name\":\"Citroën\",\"UrlId\":\"citro%c3%abn\"},{\"Id\":\"2500\",\"Name\":\"Fiat\",\"UrlId\":\"fiat\"},{\"Id\":\"2501\",\"Name\":\"Ford\",\"UrlId\":\"ford\"},{\"Id\":\"2502\",\"Name\":\"Hyundai\",\"UrlId\":\"hyundai\"},{\"Id\":\"2503\",\"Name\":\"Infiniti\",\"UrlId\":\"infiniti\"},{\"Id\":\"2504\",\"Name\":\"Jaguar\",\"UrlId\":\"jaguar\"},{\"Id\":\"2505\",\"Name\":\"Jeep\",\"UrlId\":\"jeep\"},{\"Id\":\"2506\",\"Name\":\"Kia\",\"UrlId\":\"kia\"},{\"Id\":\"2508\",\"Name\":\"Mazda\",\"UrlId\":\"mazda\"},{\"Id\":\"2509\",\"Name\":\"Mercedes\",\"UrlId\":\"mercedes\"},{\"Id\":\"2510\",\"Name\":\"Mini\",\"UrlId\":\"mini\"},{\"Id\":\"2513\",\"Name\":\"Opel\",\"UrlId\":\"opel\"},{\"Id\":\"2514\",\"Name\":\"Peugeot\",\"UrlId\":\"peugeot\"},{\"Id\":\"2515\",\"Name\":\"Renault\",\"UrlId\":\"renault\"},{\"Id\":\"2516\",\"Name\":\"Seat\",\"UrlId\":\"seat\"},{\"Id\":\"2517\",\"Name\":\"Skoda\",\"UrlId\":\"skoda\"},{\"Id\":\"2519\",\"Name\":\"Ssangyong\",\"UrlId\":\"ssangyong\"},{\"Id\":\"2521\",\"Name\":\"Toyota\",\"UrlId\":\"toyota\"},{\"Id\":\"2522\",\"Name\":\"Volkswagen\",\"UrlId\":\"volkswagen\"},{\"Id\":\"2523\",\"Name\":\"Volvo\",\"UrlId\":\"volvo\"}],\"Label\":\"Merk\",\"SelectedValue\":\"2498--citro%c3%abn\",\"IsChanged\":true,\"UniqueCode\":\"Merk\"},{\"List\":[{\"Id\":\"0\",\"Name\":\"Alle\",\"UrlId\":\"\"}],\"Label\":\"Model\",\"SelectedValue\":\"0--\",\"IsChanged\":false,\"UniqueCode\":\"ModelSerie\"},{\"List\":[{\"Id\":\"0\",\"Name\":\"Alle\",\"From\":0,\"To\":0,\"UrlId\":\"\"},{\"Id\":\"0-10000\",\"Name\":\"... - € 10.000\",\"From\":0,\"To\":10000,\"UrlId\":\"0-10000\"},{\"Id\":\"10001-14999\",\"Name\":\"€ 10.000 - € 15.000\",\"From\":10001,\"To\":14999,\"UrlId\":\"10001-14999\"},{\"Id\":\"15000-19999\",\"Name\":\"€ 15.000 - € 20.000\",\"From\":15000,\"To\":19999,\"UrlId\":\"15000-19999\"},{\"Id\":\"20000-24999\",\"Name\":\"€ 20.000 - € 25.000\",\"From\":20000,\"To\":24999,\"UrlId\":\"20000-24999\"},{\"Id\":\"25000-\",\"Name\":\"€ 25.000 - ...\",\"From\":25000,\"To\":0,\"UrlId\":\"25000-\"}],\"Label\":\"Prijs\",\"SelectedValue\":\"0--\",\"IsChanged\":false,\"UniqueCode\":\"PrijsCategorie\"}],\"ShowAllResultsButtonText\":\"Bekijk volledig aanbod\",\"ShowSelectedResultsButtonText\":\"Toon selectie\",\"ListPageLink\":\"/auto/tweedehandswagens/producten-lijst\"}",
			"enabled": true
		},
		{
			"key": "quicksearch-putBrand_responseBody",
			"value": {
				"Components": [
					{
						"IsChanged": false,
						"Label": "Merk",
						"List": [
							{
								"Id": "0",
								"Name": "Alle",
								"UrlId": ""
							},
							{
								"Id": "2495",
								"Name": "Alfa Romeo",
								"UrlId": "alfa-romeo"
							},
							{
								"Id": "2496",
								"Name": "Audi",
								"UrlId": "audi"
							},
							{
								"Id": "2497",
								"Name": "BMW",
								"UrlId": "bmw"
							},
							{
								"Id": "2498",
								"Name": "Citroën",
								"UrlId": "citro%c3%abn"
							},
							{
								"Id": "2500",
								"Name": "Fiat",
								"UrlId": "fiat"
							},
							{
								"Id": "2501",
								"Name": "Ford",
								"UrlId": "ford"
							},
							{
								"Id": "2502",
								"Name": "Hyundai",
								"UrlId": "hyundai"
							},
							{
								"Id": "2503",
								"Name": "Infiniti",
								"UrlId": "infiniti"
							},
							{
								"Id": "2504",
								"Name": "Jaguar",
								"UrlId": "jaguar"
							},
							{
								"Id": "2505",
								"Name": "Jeep",
								"UrlId": "jeep"
							},
							{
								"Id": "2506",
								"Name": "Kia",
								"UrlId": "kia"
							},
							{
								"Id": "2508",
								"Name": "Mazda",
								"UrlId": "mazda"
							},
							{
								"Id": "2509",
								"Name": "Mercedes",
								"UrlId": "mercedes"
							},
							{
								"Id": "2510",
								"Name": "Mini",
								"UrlId": "mini"
							},
							{
								"Id": "2513",
								"Name": "Opel",
								"UrlId": "opel"
							},
							{
								"Id": "2514",
								"Name": "Peugeot",
								"UrlId": "peugeot"
							},
							{
								"Id": "2515",
								"Name": "Renault",
								"UrlId": "renault"
							},
							{
								"Id": "2516",
								"Name": "Seat",
								"UrlId": "seat"
							},
							{
								"Id": "2517",
								"Name": "Skoda",
								"UrlId": "skoda"
							},
							{
								"Id": "2519",
								"Name": "Ssangyong",
								"UrlId": "ssangyong"
							},
							{
								"Id": "2521",
								"Name": "Toyota",
								"UrlId": "toyota"
							},
							{
								"Id": "2522",
								"Name": "Volkswagen",
								"UrlId": "volkswagen"
							},
							{
								"Id": "2523",
								"Name": "Volvo",
								"UrlId": "volvo"
							}
						],
						"SelectedValue": "2498--citro%c3%abn",
						"UniqueCode": "Merk"
					},
					{
						"IsChanged": false,
						"Label": "Model",
						"List": [
							{
								"Id": "0",
								"Name": "Alle",
								"UrlId": ""
							},
							{
								"Id": "30420",
								"Name": "C3",
								"UrlId": "c3"
							},
							{
								"Id": "30406",
								"Name": "C3 Picasso",
								"UrlId": "c3-picasso"
							},
							{
								"Id": "30419",
								"Name": "C4",
								"UrlId": "c4"
							},
							{
								"Id": "30405",
								"Name": "C4 Picasso",
								"UrlId": "c4-picasso"
							},
							{
								"Id": "31928",
								"Name": "C5 Aircross",
								"UrlId": "c5-aircross"
							},
							{
								"Id": "30403",
								"Name": "Ds3",
								"UrlId": "ds3"
							}
						],
						"SelectedValue": "0--",
						"UniqueCode": "ModelSerie"
					},
					{
						"IsChanged": false,
						"Label": "Prijs",
						"List": [
							{
								"From": 0,
								"Id": "0",
								"Name": "Alle",
								"To": 0,
								"UrlId": ""
							},
							{
								"From": 0,
								"Id": "0-10000",
								"Name": "... - € 10.000",
								"To": 10000,
								"UrlId": "0-10000"
							},
							{
								"From": 10001,
								"Id": "10001-14999",
								"Name": "€ 10.000 - € 15.000",
								"To": 14999,
								"UrlId": "10001-14999"
							},
							{
								"From": 20000,
								"Id": "20000-24999",
								"Name": "€ 20.000 - € 25.000",
								"To": 24999,
								"UrlId": "20000-24999"
							},
							{
								"From": 25000,
								"Id": "25000-",
								"Name": "€ 25.000 - ...",
								"To": 0,
								"UrlId": "25000-"
							}
						],
						"SelectedValue": "0--",
						"UniqueCode": "PrijsCategorie"
					}
				],
				"ListPageLink": "/auto/tweedehandswagens/producten-lijst",
				"ShowAllResultsButtonText": "Bekijk volledig aanbod",
				"ShowSelectedResultsButtonText": "Toon selectie",
				"Title": "Ik zoek een specifieke wagen"
			},
			"enabled": true
		},
		{
			"key": "FilteredCarCount",
			"value": 12,
			"enabled": true
		},
		{
			"key": "ProductList-Put-SelectFirstBrand-RequestBody",
			"value": "{\"Filters\":[{\"List\":[{\"Id\":\"2495\",\"Label\":\"Alfa Romeo\",\"Count\":2,\"Checked\":true},{\"Id\":\"2496\",\"Label\":\"Audi\",\"Count\":11,\"Checked\":false},{\"Id\":\"2497\",\"Label\":\"BMW\",\"Count\":5,\"Checked\":false},{\"Id\":\"2498\",\"Label\":\"Citroën\",\"Count\":6,\"Checked\":false},{\"Id\":\"2500\",\"Label\":\"Fiat\",\"Count\":1,\"Checked\":false},{\"Id\":\"2501\",\"Label\":\"Ford\",\"Count\":7,\"Checked\":false},{\"Id\":\"2502\",\"Label\":\"Hyundai\",\"Count\":1,\"Checked\":false},{\"Id\":\"2503\",\"Label\":\"Infiniti\",\"Count\":1,\"Checked\":false},{\"Id\":\"2504\",\"Label\":\"Jaguar\",\"Count\":1,\"Checked\":false},{\"Id\":\"2505\",\"Label\":\"Jeep\",\"Count\":1,\"Checked\":false},{\"Id\":\"2506\",\"Label\":\"Kia\",\"Count\":3,\"Checked\":false},{\"Id\":\"2508\",\"Label\":\"Mazda\",\"Count\":1,\"Checked\":false},{\"Id\":\"2509\",\"Label\":\"Mercedes\",\"Count\":6,\"Checked\":false},{\"Id\":\"2510\",\"Label\":\"Mini\",\"Count\":1,\"Checked\":false},{\"Id\":\"2513\",\"Label\":\"Opel\",\"Count\":2,\"Checked\":false},{\"Id\":\"2514\",\"Label\":\"Peugeot\",\"Count\":6,\"Checked\":false},{\"Id\":\"2515\",\"Label\":\"Renault\",\"Count\":3,\"Checked\":false},{\"Id\":\"2516\",\"Label\":\"Seat\",\"Count\":3,\"Checked\":false},{\"Id\":\"2517\",\"Label\":\"Skoda\",\"Count\":3,\"Checked\":false},{\"Id\":\"2519\",\"Label\":\"Ssangyong\",\"Count\":1,\"Checked\":false},{\"Id\":\"2521\",\"Label\":\"Toyota\",\"Count\":1,\"Checked\":false},{\"Id\":\"2522\",\"Label\":\"Volkswagen\",\"Count\":7,\"Checked\":false},{\"Id\":\"2523\",\"Label\":\"Volvo\",\"Count\":1,\"Checked\":false}],\"IsChanged\":true,\"Label\":\"Merk\",\"UniqueCode\":\"Merk\"},{\"List\":[{\"Id\":\"0-10000\",\"Label\":\"... - € 10.000\",\"Count\":1,\"Checked\":false},{\"Id\":\"10001-14999\",\"Label\":\"€ 10.000 - € 15.000\",\"Count\":18,\"Checked\":false},{\"Id\":\"15000-19999\",\"Label\":\"€ 15.000 - € 20.000\",\"Count\":19,\"Checked\":false},{\"Id\":\"20000-24999\",\"Label\":\"€ 20.000 - € 25.000\",\"Count\":24,\"Checked\":false},{\"Id\":\"25000-\",\"Label\":\"€ 25.000 - ...\",\"Count\":12,\"Checked\":false}],\"IsChanged\":false,\"Label\":\"Prijs\",\"UniqueCode\":\"PrijsCategorie\"},{\"List\":[{\"Id\":\"1\",\"Label\":\"Benzine\",\"Count\":64,\"Checked\":false},{\"Id\":\"6\",\"Label\":\"CNG\",\"Count\":1,\"Checked\":false},{\"Id\":\"2\",\"Label\":\"Diesel\",\"Count\":8,\"Checked\":false},{\"Id\":\"5\",\"Label\":\"Elektrisch\",\"Count\":1,\"Checked\":false}],\"IsChanged\":false,\"Label\":\"Brandstof\",\"UniqueCode\":\"Brandstof\"},{\"List\":[{\"Id\":\"0a525e8bf69941f6896b3529cba5c311\",\"Label\":\"Automaat\",\"Count\":26,\"Checked\":false},{\"Id\":\"f5abf91b7bcf49a18e0dd5ae05137e13\",\"Label\":\"Handgeschakeld\",\"Count\":48,\"Checked\":false}],\"IsChanged\":false,\"Label\":\"Transmissie\",\"UniqueCode\":\"Transmissie\"},{\"List\":[{\"Id\":\">5\",\"Label\":\"Meer dan 5\",\"Count\":3,\"Checked\":false}],\"IsChanged\":false,\"Label\":\"Zitplaatsen\",\"UniqueCode\":\"Zitplaatsen\"},{\"List\":[{\"Id\":\"4\",\"Label\":\"Cabriolet\",\"Count\":3,\"Checked\":false},{\"Id\":\"10\",\"Label\":\"Compact SUV\",\"Count\":4,\"Checked\":false},{\"Id\":\"5\",\"Label\":\"Ecologisch\",\"Count\":2,\"Checked\":false},{\"Id\":\"3\",\"Label\":\"Gezinswagen\",\"Count\":61,\"Checked\":false},{\"Id\":\"7\",\"Label\":\"Grote gezinswagen\",\"Count\":32,\"Checked\":false},{\"Id\":\"8\",\"Label\":\"Hoge instap\",\"Count\":24,\"Checked\":false},{\"Id\":\"11\",\"Label\":\"Minibus\",\"Count\":1,\"Checked\":false},{\"Id\":\"2\",\"Label\":\"Sportief\",\"Count\":16,\"Checked\":false},{\"Id\":\"1\",\"Label\":\"Stadswagen\",\"Count\":11,\"Checked\":false},{\"Id\":\"6\",\"Label\":\"SUV - 4x4\",\"Count\":13,\"Checked\":false}],\"IsChanged\":false,\"Label\":\"Categorie\",\"UniqueCode\":\"Categorie\"}]}",
			"enabled": true
		},
		{
			"key": "filteredCarBrand",
			"value": "Alfa Romeo",
			"enabled": true
		},
		{
			"key": "FilteredFuelCount",
			"value": 64,
			"enabled": true
		},
		{
			"key": "ProductList-Put-SelectFirstFuelType-RequestBody",
			"value": "{\"Filters\":[{\"List\":[{\"Id\":\"2495\",\"Label\":\"Alfa Romeo\",\"Count\":2,\"Checked\":false},{\"Id\":\"2496\",\"Label\":\"Audi\",\"Count\":11,\"Checked\":false},{\"Id\":\"2497\",\"Label\":\"BMW\",\"Count\":5,\"Checked\":false},{\"Id\":\"2498\",\"Label\":\"Citroën\",\"Count\":6,\"Checked\":false},{\"Id\":\"2500\",\"Label\":\"Fiat\",\"Count\":1,\"Checked\":false},{\"Id\":\"2501\",\"Label\":\"Ford\",\"Count\":7,\"Checked\":false},{\"Id\":\"2502\",\"Label\":\"Hyundai\",\"Count\":1,\"Checked\":false},{\"Id\":\"2503\",\"Label\":\"Infiniti\",\"Count\":1,\"Checked\":false},{\"Id\":\"2504\",\"Label\":\"Jaguar\",\"Count\":1,\"Checked\":false},{\"Id\":\"2505\",\"Label\":\"Jeep\",\"Count\":1,\"Checked\":false},{\"Id\":\"2506\",\"Label\":\"Kia\",\"Count\":3,\"Checked\":false},{\"Id\":\"2508\",\"Label\":\"Mazda\",\"Count\":1,\"Checked\":false},{\"Id\":\"2509\",\"Label\":\"Mercedes\",\"Count\":6,\"Checked\":false},{\"Id\":\"2510\",\"Label\":\"Mini\",\"Count\":1,\"Checked\":false},{\"Id\":\"2513\",\"Label\":\"Opel\",\"Count\":2,\"Checked\":false},{\"Id\":\"2514\",\"Label\":\"Peugeot\",\"Count\":6,\"Checked\":false},{\"Id\":\"2515\",\"Label\":\"Renault\",\"Count\":3,\"Checked\":false},{\"Id\":\"2516\",\"Label\":\"Seat\",\"Count\":3,\"Checked\":false},{\"Id\":\"2517\",\"Label\":\"Skoda\",\"Count\":3,\"Checked\":false},{\"Id\":\"2519\",\"Label\":\"Ssangyong\",\"Count\":1,\"Checked\":false},{\"Id\":\"2521\",\"Label\":\"Toyota\",\"Count\":1,\"Checked\":false},{\"Id\":\"2522\",\"Label\":\"Volkswagen\",\"Count\":7,\"Checked\":false},{\"Id\":\"2523\",\"Label\":\"Volvo\",\"Count\":1,\"Checked\":false}],\"IsChanged\":false,\"Label\":\"Merk\",\"UniqueCode\":\"Merk\"},{\"List\":[{\"Id\":\"0-10000\",\"Label\":\"... - € 10.000\",\"Count\":1,\"Checked\":false},{\"Id\":\"10001-14999\",\"Label\":\"€ 10.000 - € 15.000\",\"Count\":18,\"Checked\":false},{\"Id\":\"15000-19999\",\"Label\":\"€ 15.000 - € 20.000\",\"Count\":19,\"Checked\":false},{\"Id\":\"20000-24999\",\"Label\":\"€ 20.000 - € 25.000\",\"Count\":24,\"Checked\":false},{\"Id\":\"25000-\",\"Label\":\"€ 25.000 - ...\",\"Count\":12,\"Checked\":false}],\"IsChanged\":false,\"Label\":\"Prijs\",\"UniqueCode\":\"PrijsCategorie\"},{\"List\":[{\"Id\":\"1\",\"Label\":\"Benzine\",\"Count\":64,\"Checked\":true},{\"Id\":\"6\",\"Label\":\"CNG\",\"Count\":1,\"Checked\":false},{\"Id\":\"2\",\"Label\":\"Diesel\",\"Count\":8,\"Checked\":false},{\"Id\":\"5\",\"Label\":\"Elektrisch\",\"Count\":1,\"Checked\":false}],\"IsChanged\":true,\"Label\":\"Brandstof\",\"UniqueCode\":\"Brandstof\"},{\"List\":[{\"Id\":\"0a525e8bf69941f6896b3529cba5c311\",\"Label\":\"Automaat\",\"Count\":26,\"Checked\":false},{\"Id\":\"f5abf91b7bcf49a18e0dd5ae05137e13\",\"Label\":\"Handgeschakeld\",\"Count\":48,\"Checked\":false}],\"IsChanged\":false,\"Label\":\"Transmissie\",\"UniqueCode\":\"Transmissie\"},{\"List\":[{\"Id\":\">5\",\"Label\":\"Meer dan 5\",\"Count\":3,\"Checked\":false}],\"IsChanged\":false,\"Label\":\"Zitplaatsen\",\"UniqueCode\":\"Zitplaatsen\"},{\"List\":[{\"Id\":\"4\",\"Label\":\"Cabriolet\",\"Count\":3,\"Checked\":false},{\"Id\":\"10\",\"Label\":\"Compact SUV\",\"Count\":4,\"Checked\":false},{\"Id\":\"5\",\"Label\":\"Ecologisch\",\"Count\":2,\"Checked\":false},{\"Id\":\"3\",\"Label\":\"Gezinswagen\",\"Count\":61,\"Checked\":false},{\"Id\":\"7\",\"Label\":\"Grote gezinswagen\",\"Count\":32,\"Checked\":false},{\"Id\":\"8\",\"Label\":\"Hoge instap\",\"Count\":24,\"Checked\":false},{\"Id\":\"11\",\"Label\":\"Minibus\",\"Count\":1,\"Checked\":false},{\"Id\":\"2\",\"Label\":\"Sportief\",\"Count\":16,\"Checked\":false},{\"Id\":\"1\",\"Label\":\"Stadswagen\",\"Count\":11,\"Checked\":false},{\"Id\":\"6\",\"Label\":\"SUV - 4x4\",\"Count\":13,\"Checked\":false}],\"IsChanged\":false,\"Label\":\"Categorie\",\"UniqueCode\":\"Categorie\"}]}",
			"enabled": true
		},
		{
			"key": "filteredFuelType",
			"value": "Benzine",
			"enabled": true
		},
		{
			"key": "FilteredTransmissionCount",
			"value": 26,
			"enabled": true
		},
		{
			"key": "ProductList-Put-SelectFirstTransmission-RequestBody",
			"value": "{\"Filters\":[{\"List\":[{\"Id\":\"2495\",\"Label\":\"Alfa Romeo\",\"Count\":2,\"Checked\":false},{\"Id\":\"2496\",\"Label\":\"Audi\",\"Count\":11,\"Checked\":false},{\"Id\":\"2497\",\"Label\":\"BMW\",\"Count\":5,\"Checked\":false},{\"Id\":\"2498\",\"Label\":\"Citroën\",\"Count\":6,\"Checked\":false},{\"Id\":\"2500\",\"Label\":\"Fiat\",\"Count\":1,\"Checked\":false},{\"Id\":\"2501\",\"Label\":\"Ford\",\"Count\":7,\"Checked\":false},{\"Id\":\"2502\",\"Label\":\"Hyundai\",\"Count\":1,\"Checked\":false},{\"Id\":\"2503\",\"Label\":\"Infiniti\",\"Count\":1,\"Checked\":false},{\"Id\":\"2504\",\"Label\":\"Jaguar\",\"Count\":1,\"Checked\":false},{\"Id\":\"2505\",\"Label\":\"Jeep\",\"Count\":1,\"Checked\":false},{\"Id\":\"2506\",\"Label\":\"Kia\",\"Count\":3,\"Checked\":false},{\"Id\":\"2508\",\"Label\":\"Mazda\",\"Count\":1,\"Checked\":false},{\"Id\":\"2509\",\"Label\":\"Mercedes\",\"Count\":6,\"Checked\":false},{\"Id\":\"2510\",\"Label\":\"Mini\",\"Count\":1,\"Checked\":false},{\"Id\":\"2513\",\"Label\":\"Opel\",\"Count\":2,\"Checked\":false},{\"Id\":\"2514\",\"Label\":\"Peugeot\",\"Count\":6,\"Checked\":false},{\"Id\":\"2515\",\"Label\":\"Renault\",\"Count\":3,\"Checked\":false},{\"Id\":\"2516\",\"Label\":\"Seat\",\"Count\":3,\"Checked\":false},{\"Id\":\"2517\",\"Label\":\"Skoda\",\"Count\":3,\"Checked\":false},{\"Id\":\"2519\",\"Label\":\"Ssangyong\",\"Count\":1,\"Checked\":false},{\"Id\":\"2521\",\"Label\":\"Toyota\",\"Count\":1,\"Checked\":false},{\"Id\":\"2522\",\"Label\":\"Volkswagen\",\"Count\":7,\"Checked\":false},{\"Id\":\"2523\",\"Label\":\"Volvo\",\"Count\":1,\"Checked\":false}],\"IsChanged\":false,\"Label\":\"Merk\",\"UniqueCode\":\"Merk\"},{\"List\":[{\"Id\":\"0-10000\",\"Label\":\"... - € 10.000\",\"Count\":1,\"Checked\":false},{\"Id\":\"10001-14999\",\"Label\":\"€ 10.000 - € 15.000\",\"Count\":18,\"Checked\":false},{\"Id\":\"15000-19999\",\"Label\":\"€ 15.000 - € 20.000\",\"Count\":19,\"Checked\":false},{\"Id\":\"20000-24999\",\"Label\":\"€ 20.000 - € 25.000\",\"Count\":24,\"Checked\":false},{\"Id\":\"25000-\",\"Label\":\"€ 25.000 - ...\",\"Count\":12,\"Checked\":false}],\"IsChanged\":false,\"Label\":\"Prijs\",\"UniqueCode\":\"PrijsCategorie\"},{\"List\":[{\"Id\":\"1\",\"Label\":\"Benzine\",\"Count\":64,\"Checked\":false},{\"Id\":\"6\",\"Label\":\"CNG\",\"Count\":1,\"Checked\":false},{\"Id\":\"2\",\"Label\":\"Diesel\",\"Count\":8,\"Checked\":false},{\"Id\":\"5\",\"Label\":\"Elektrisch\",\"Count\":1,\"Checked\":false}],\"IsChanged\":false,\"Label\":\"Brandstof\",\"UniqueCode\":\"Brandstof\"},{\"List\":[{\"Id\":\"0a525e8bf69941f6896b3529cba5c311\",\"Label\":\"Automaat\",\"Count\":26,\"Checked\":true},{\"Id\":\"f5abf91b7bcf49a18e0dd5ae05137e13\",\"Label\":\"Handgeschakeld\",\"Count\":48,\"Checked\":false}],\"IsChanged\":true,\"Label\":\"Transmissie\",\"UniqueCode\":\"Transmissie\"},{\"List\":[{\"Id\":\">5\",\"Label\":\"Meer dan 5\",\"Count\":3,\"Checked\":false}],\"IsChanged\":false,\"Label\":\"Zitplaatsen\",\"UniqueCode\":\"Zitplaatsen\"},{\"List\":[{\"Id\":\"4\",\"Label\":\"Cabriolet\",\"Count\":3,\"Checked\":false},{\"Id\":\"10\",\"Label\":\"Compact SUV\",\"Count\":4,\"Checked\":false},{\"Id\":\"5\",\"Label\":\"Ecologisch\",\"Count\":2,\"Checked\":false},{\"Id\":\"3\",\"Label\":\"Gezinswagen\",\"Count\":61,\"Checked\":false},{\"Id\":\"7\",\"Label\":\"Grote gezinswagen\",\"Count\":32,\"Checked\":false},{\"Id\":\"8\",\"Label\":\"Hoge instap\",\"Count\":24,\"Checked\":false},{\"Id\":\"11\",\"Label\":\"Minibus\",\"Count\":1,\"Checked\":false},{\"Id\":\"2\",\"Label\":\"Sportief\",\"Count\":16,\"Checked\":false},{\"Id\":\"1\",\"Label\":\"Stadswagen\",\"Count\":11,\"Checked\":false},{\"Id\":\"6\",\"Label\":\"SUV - 4x4\",\"Count\":13,\"Checked\":false}],\"IsChanged\":false,\"Label\":\"Categorie\",\"UniqueCode\":\"Categorie\"}]}",
			"enabled": true
		},
		{
			"key": "filteredTransmission",
			"value": "Automaat",
			"enabled": true
		},
		{
			"key": "ProductList-Put-SelectCarsAbove25K-RequestBody",
			"value": "{\"Filters\":[{\"List\":[{\"Id\":\"2495\",\"Label\":\"Alfa Romeo\",\"Count\":2,\"Checked\":false},{\"Id\":\"2496\",\"Label\":\"Audi\",\"Count\":11,\"Checked\":false},{\"Id\":\"2497\",\"Label\":\"BMW\",\"Count\":5,\"Checked\":false},{\"Id\":\"2498\",\"Label\":\"Citroën\",\"Count\":6,\"Checked\":false},{\"Id\":\"2500\",\"Label\":\"Fiat\",\"Count\":1,\"Checked\":false},{\"Id\":\"2501\",\"Label\":\"Ford\",\"Count\":7,\"Checked\":false},{\"Id\":\"2502\",\"Label\":\"Hyundai\",\"Count\":1,\"Checked\":false},{\"Id\":\"2503\",\"Label\":\"Infiniti\",\"Count\":1,\"Checked\":false},{\"Id\":\"2504\",\"Label\":\"Jaguar\",\"Count\":1,\"Checked\":false},{\"Id\":\"2505\",\"Label\":\"Jeep\",\"Count\":1,\"Checked\":false},{\"Id\":\"2506\",\"Label\":\"Kia\",\"Count\":3,\"Checked\":false},{\"Id\":\"2508\",\"Label\":\"Mazda\",\"Count\":1,\"Checked\":false},{\"Id\":\"2509\",\"Label\":\"Mercedes\",\"Count\":6,\"Checked\":false},{\"Id\":\"2510\",\"Label\":\"Mini\",\"Count\":1,\"Checked\":false},{\"Id\":\"2513\",\"Label\":\"Opel\",\"Count\":2,\"Checked\":false},{\"Id\":\"2514\",\"Label\":\"Peugeot\",\"Count\":6,\"Checked\":false},{\"Id\":\"2515\",\"Label\":\"Renault\",\"Count\":3,\"Checked\":false},{\"Id\":\"2516\",\"Label\":\"Seat\",\"Count\":3,\"Checked\":false},{\"Id\":\"2517\",\"Label\":\"Skoda\",\"Count\":3,\"Checked\":false},{\"Id\":\"2519\",\"Label\":\"Ssangyong\",\"Count\":1,\"Checked\":false},{\"Id\":\"2521\",\"Label\":\"Toyota\",\"Count\":1,\"Checked\":false},{\"Id\":\"2522\",\"Label\":\"Volkswagen\",\"Count\":7,\"Checked\":false},{\"Id\":\"2523\",\"Label\":\"Volvo\",\"Count\":1,\"Checked\":false}],\"IsChanged\":false,\"Label\":\"Merk\",\"UniqueCode\":\"Merk\"},{\"List\":[{\"Id\":\"0-10000\",\"Label\":\"... - € 10.000\",\"Count\":1,\"Checked\":false},{\"Id\":\"10001-14999\",\"Label\":\"€ 10.000 - € 15.000\",\"Count\":18,\"Checked\":false},{\"Id\":\"15000-19999\",\"Label\":\"€ 15.000 - € 20.000\",\"Count\":19,\"Checked\":false},{\"Id\":\"20000-24999\",\"Label\":\"€ 20.000 - € 25.000\",\"Count\":24,\"Checked\":false},{\"Id\":\"25000-\",\"Label\":\"€ 25.000 - ...\",\"Count\":12,\"Checked\":true}],\"IsChanged\":true,\"Label\":\"Prijs\",\"UniqueCode\":\"PrijsCategorie\"},{\"List\":[{\"Id\":\"1\",\"Label\":\"Benzine\",\"Count\":64,\"Checked\":false},{\"Id\":\"6\",\"Label\":\"CNG\",\"Count\":1,\"Checked\":false},{\"Id\":\"2\",\"Label\":\"Diesel\",\"Count\":8,\"Checked\":false},{\"Id\":\"5\",\"Label\":\"Elektrisch\",\"Count\":1,\"Checked\":false}],\"IsChanged\":false,\"Label\":\"Brandstof\",\"UniqueCode\":\"Brandstof\"},{\"List\":[{\"Id\":\"0a525e8bf69941f6896b3529cba5c311\",\"Label\":\"Automaat\",\"Count\":26,\"Checked\":false},{\"Id\":\"f5abf91b7bcf49a18e0dd5ae05137e13\",\"Label\":\"Handgeschakeld\",\"Count\":48,\"Checked\":false}],\"IsChanged\":false,\"Label\":\"Transmissie\",\"UniqueCode\":\"Transmissie\"},{\"List\":[{\"Id\":\">5\",\"Label\":\"Meer dan 5\",\"Count\":3,\"Checked\":false}],\"IsChanged\":false,\"Label\":\"Zitplaatsen\",\"UniqueCode\":\"Zitplaatsen\"},{\"List\":[{\"Id\":\"4\",\"Label\":\"Cabriolet\",\"Count\":3,\"Checked\":false},{\"Id\":\"10\",\"Label\":\"Compact SUV\",\"Count\":4,\"Checked\":false},{\"Id\":\"5\",\"Label\":\"Ecologisch\",\"Count\":2,\"Checked\":false},{\"Id\":\"3\",\"Label\":\"Gezinswagen\",\"Count\":61,\"Checked\":false},{\"Id\":\"7\",\"Label\":\"Grote gezinswagen\",\"Count\":32,\"Checked\":false},{\"Id\":\"8\",\"Label\":\"Hoge instap\",\"Count\":24,\"Checked\":false},{\"Id\":\"11\",\"Label\":\"Minibus\",\"Count\":1,\"Checked\":false},{\"Id\":\"2\",\"Label\":\"Sportief\",\"Count\":16,\"Checked\":false},{\"Id\":\"1\",\"Label\":\"Stadswagen\",\"Count\":11,\"Checked\":false},{\"Id\":\"6\",\"Label\":\"SUV - 4x4\",\"Count\":13,\"Checked\":false}],\"IsChanged\":false,\"Label\":\"Categorie\",\"UniqueCode\":\"Categorie\"}]}",
			"enabled": true
		},
		{
			"key": "filteredPriceRange",
			"value": "€ 25.000 - ...",
			"enabled": true
		}
	],
	"_postman_variable_scope": "environment",
	"_postman_exported_at": "2020-11-03T09:31:35.013Z",
	"_postman_exported_using": "Postman/7.34.0"
}