{
	"id": "08bc9c7a-c3e9-456b-92ff-bbd87dcc02f2",
	"name": "Fietsverzekering.Acc.postman_environment.json",
	"values": [
		{
			"key": "BaseURL",
			"value": "https://acc.vab.be",
			"enabled": true
		},
		{
			"key": "browserTabId",
			"value": "4bac7b30-ff4c-47e5-a40e-cdfc93c78e38",
			"enabled": true
		},
		{
			"key": "minDate",
			"value": "2020-04-30",
			"enabled": true
		},
		{
			"key": "maxDate",
			"value": "2020-11-30",
			"enabled": true
		},
		{
			"key": "XFrameOptions",
			"value": "true",
			"enabled": true
		},
		{
			"key": "analysisJson",
			"value": "{\"Valid\":false,\"SpartaProductCode\":null,\"BrowserTabId\":\"0a76d685-2091-44e8-8251-9da73a4894d0\",\"Questions\":[{\"NecessityAnalysisQuestions\":\"ProtectBicycleAgainstTheft\",\"Options\":[{\"Label\":null,\"Value\":\"\",\"ToolTip\":null}],\"ValidationMessage\":null,\"RequiredValidationMessage\":\"Radio button is verplicht\",\"Required\":true,\"Valid\":null,\"SelectedValue\":\"0\"},{\"NecessityAnalysisQuestions\":\"BicycleBreakdown\",\"Options\":[{\"Label\":null,\"Value\":\"\",\"ToolTip\":null}],\"ValidationMessage\":null,\"RequiredValidationMessage\":\"Radio button is verplicht\",\"Required\":true,\"Valid\":null,\"SelectedValue\":null}],\"ResponseText\":null}",
			"enabled": true
		},
		{
			"key": "analysisJsonTwo",
			"value": "{\"Valid\":false,\"SpartaProductCode\":null,\"BrowserTabId\":\"0a76d685-2091-44e8-8251-9da73a4894d0\",\"Questions\":[{\"NecessityAnalysisQuestions\":\"ProtectBicycleAgainstTheft\",\"Options\":[{\"Label\":null,\"Value\":\"\",\"ToolTip\":null}],\"ValidationMessage\":null,\"RequiredValidationMessage\":\"Radio button is verplicht\",\"Required\":true,\"Valid\":null,\"SelectedValue\":\"0\"},{\"NecessityAnalysisQuestions\":\"BicycleBreakdown\",\"Options\":[{\"Label\":null,\"Value\":\"\",\"ToolTip\":null}],\"ValidationMessage\":null,\"RequiredValidationMessage\":\"Radio button is verplicht\",\"Required\":true,\"Valid\":null,\"SelectedValue\":\"1\"}],\"ResponseText\":\"<p>Aan de hand van jouw antwoorden kunnen we je geen product op maat aanbevelen. Klik op 'volgende' om toch verder te gaan met jouw eigen productkeuze.</p>\"}",
			"enabled": true
		}
	],
	"_postman_variable_scope": "environment",
	"_postman_exported_at": "2020-11-03T09:30:45.158Z",
	"_postman_exported_using": "Postman/7.34.0"
}