{
	"id": "14970ba2-5526-4600-82c0-736e9587f59e",
	"name": "Fietsverzekering.Preprod.postman_environment.json",
	"values": [
		{
			"key": "BaseURL",
			"value": "https://preprod.vab.be/",
			"enabled": true
		},
		{
			"key": "browserTabId",
			"value": "ef962e88-4737-4e24-af6e-612710febec2",
			"enabled": true
		},
		{
			"key": "minDate",
			"value": "2020-04-29",
			"enabled": true
		},
		{
			"key": "maxDate",
			"value": "2020-11-29",
			"enabled": true
		},
		{
			"key": "XFrameOptions",
			"value": "true",
			"enabled": true
		},
		{
			"key": "analysisJson",
			"value": "{\"Valid\":false,\"SpartaProductCode\":null,\"BrowserTabId\":\"1d53801f-cb55-40a6-acae-2288b9dc8188\",\"Questions\":[{\"NecessityAnalysisQuestions\":\"ProtectBicycleAgainstTheft\",\"Options\":[{\"Label\":null,\"Value\":\"\",\"ToolTip\":null}],\"ValidationMessage\":null,\"RequiredValidationMessage\":\"Radio button is verplicht\",\"Required\":true,\"Valid\":null,\"SelectedValue\":\"0\"},{\"NecessityAnalysisQuestions\":\"BicycleBreakdown\",\"Options\":[{\"Label\":null,\"Value\":\"\",\"ToolTip\":null}],\"ValidationMessage\":null,\"RequiredValidationMessage\":\"Radio button is verplicht\",\"Required\":true,\"Valid\":null,\"SelectedValue\":null}],\"ResponseText\":null}",
			"enabled": true
		},
		{
			"key": "analysisJsonTwo",
			"value": "{\"Valid\":false,\"SpartaProductCode\":null,\"BrowserTabId\":\"1d53801f-cb55-40a6-acae-2288b9dc8188\",\"Questions\":[{\"NecessityAnalysisQuestions\":\"ProtectBicycleAgainstTheft\",\"Options\":[{\"Label\":null,\"Value\":\"\",\"ToolTip\":null}],\"ValidationMessage\":null,\"RequiredValidationMessage\":\"Radio button is verplicht\",\"Required\":true,\"Valid\":null,\"SelectedValue\":\"0\"},{\"NecessityAnalysisQuestions\":\"BicycleBreakdown\",\"Options\":[{\"Label\":null,\"Value\":\"\",\"ToolTip\":null}],\"ValidationMessage\":null,\"RequiredValidationMessage\":\"Radio button is verplicht\",\"Required\":true,\"Valid\":null,\"SelectedValue\":\"1\"}],\"ResponseText\":\"<p>Aan de hand van jouw antwoorden kunnen we je geen product op maat aanbevelen. Klik op 'volgende' om toch verder te gaan met jouw eigen productkeuze.</p>\"}",
			"enabled": true
		}
	],
	"_postman_variable_scope": "environment",
	"_postman_exported_at": "2020-11-03T09:31:07.765Z",
	"_postman_exported_using": "Postman/7.34.0"
}