Description;Type;NrFamilyMembers;NrBijkomendeVoertuigen;vervang voertuigen;motor home;bagage;PrijsBeforeFunnel;LangerVerblijf;langer verblijf - maand;lang verblijf - personen;personenbijstand;personenbijstand - dagen;personenbijstand - personen;korting;prijs;RunTest;;;Basis;VT;VVW;MH;BAG;LV;PB-EU;PB-INT
BP-F01;SINGLE;1;0;0;0;FALSE;225.0;FALSE;0;0;-;0;0;nee;225.0;Y;;SINGLE;225;110;84;94;107;48;3;4
BP-F02;SINGLE;1;0;0;0;FALSE;225.0;FALSE;0;0;-;0;0;nee;225.0;Y;;SINGLE;319;110;84;94;107;48;3;4
BP-F03;SINGLE;1;0;1;0;FALSE;309.0;FALSE;0;0;-;0;0;nee;309.0;Y;;;;;;;;;;
BP-F04;SINGLE;1;0;0;1;FALSE;319.0;FALSE;0;0;-;0;0;nee;319.0;Y;;;;;;;;;;
BP-F05;SINGLE;1;0;0;0;TRUE;332.0;FALSE;0;0;-;0;0;nee;332.0;Y;;;;;;;;;;
BP-F06;SINGLE;1;0;0;0;FALSE;225.0;TRUE;5;1;-;0;0;nee;321.0;Y;;;;;;;;;;
BP-F07;SINGLE;1;0;0;0;FALSE;225.0;FALSE;0;0;EUROPE;7;1;nee;250.0;Y;;;;;;;;;;
BP-F08;SINGLE;1;0;0;0;FALSE;225.0;FALSE;0;0;WORLD;14;1;nee;309.0;Y;;;;;;;;;;
BP-F10;SINGLE;1;4;5;1;TRUE;1286.0;TRUE;5;1;EUROPE;21;9;nee;1949.0;Y;;;;;;;;;;
BP-F11;SINGLE;1;4;5;1;TRUE;1286.0;TRUE;11;1;WORLD;7;9;nee;2048.0;Y;;;;;;;;;;
BP-RGR;SINGLE;1;1;2;1;TRUE;704.0;FALSE;0;0;-;0;0;nee;704.0;Y;regressietest;;;;;;;;;
BP-F20;FAMILY;2;0;0;0;FALSE;250.0;FALSE;0;0;-;0;0;nee;250.0;Y;;FAMILY;250;110;84;94;172;48;3;4
BP-F21;FAMILY;2;1;0;0;FALSE;360.0;FALSE;0;0;-;0;0;nee;360.0;Y;;;;;;;;;;
BP-F22;FAMILY;2;0;1;0;FALSE;334.0;FALSE;0;0;-;0;0;nee;334.0;Y;;;;;;;;;;
BP-F23;FAMILY;2;0;0;1;FALSE;344.0;FALSE;0;0;-;0;0;nee;344.0;Y;;;;;;;;;;
BP-F24;FAMILY;2;0;0;0;TRUE;422.0;FALSE;0;0;-;0;0;nee;422.0;Y;;;;;;;;;;
BP-F25;FAMILY;2;0;0;0;FALSE;250.0;TRUE;5;1;-;0;0;nee;346.0;Y;;;;;;;;;;
BP-F26;FAMILY;2;0;0;0;FALSE;250.0;FALSE;0;0;EUROPE;7;1;nee;275.0;Y;;;;;;;;;;
BP-F27;FAMILY;2;0;0;0;FALSE;250.0;FALSE;0;0;WORLD;14;1;nee;334.0;Y;;;;;;;;;;
BP-F29;FAMILY;9;4;5;1;TRUE;1376.0;TRUE;5;9;EUROPE;21;9;nee;2807.0;Y;;;;;;;;;;
BP-F30;FAMILY;9;4;5;1;TRUE;1376.0;TRUE;11;9;WORLD;7;9;nee;5210.0;Y;;;;;;;;;;
BP-F33;FAMILY;2;1;2;1;TRUE;794.0;TRUE;6;2;WORLD;21;2;nee;1334.0;Y;;;;;;;;;;
BP-RGR;FAMILY;2;1;2;1;TRUE;794.0;TRUE;5;2;WORLD;21;2;nee;1238.0;Y;regressietest;;;;;;;;;
