Description;Type;NrFamilyMembers;voertuigen;vervang voertuigen;motor home;bagage;PrijsBeforeFunnel;LangerVerblijf;langer verblijf - maand;lang verblijf - personen;personenbijstand;personenbijstand - dagen;personenbijstand - personen;Annulatieverzekering;korting;prijs;RunTest;;;Basis;VT;VVW;MH;BAG;ANN;LV;PB-EU;PB-INT
MP-F01;SINGLE;1;1;0;0;TRUE;345.0;FALSE;0;0;-;0;0;FALSE;nee;345.0;Y;;SINGLE;339;98;82;91;0;74,5;47;2;4
MP-F02;SINGLE;1;2;0;0;TRUE;455.0;FALSE;0;0;-;0;0;FALSE;nee;455.0;Y;;FAMILY;421;98;82;91;0;113;47;2;4
MP-F03;SINGLE;1;1;1;0;TRUE;429.0;FALSE;0;0;-;0;0;FALSE;nee;429.0;Y;;;;;;;;;;;
MP-F04;SINGLE;1;1;0;1;TRUE;439.0;FALSE;0;0;-;0;0;FALSE;nee;439.0;Y;;;;;;;;;;;
MP-F05;SINGLE;1;1;0;0;TRUE;345.0;TRUE;5;1;-;0;0;FALSE;nee;393.0;Y;;;;;;;;;;;
MP-F06;SINGLE;1;1;0;0;TRUE;345.0;FALSE;0;0;EUROPE;7;1;FALSE;nee;370.0;Y;;;;;;;;;;;
MP-F07;SINGLE;1;1;0;0;TRUE;345.0;FALSE;0;0;WORLD;14;1;FALSE;nee;429.0;Y;;;;;;;;;;;
MP-F09;SINGLE;1;1;0;0;TRUE;421.0;FALSE;0;0;-;0;0;TRUE;nee;421.0;Y;;;;;;;;;;;
MP-F10;SINGLE;1;5;5;1;TRUE;1299.0;TRUE;5;1;EUROPE;21;9;FALSE;nee;1914.0;Y;;;;;;;;;;;
MP-F11;SINGLE;1;5;5;1;TRUE;1375.0;TRUE;12;1;WORLD;7;9;TRUE;nee;2137.0;Y;;;;;;;;;;;
MP-RGR;SINGLE;1;2;2;1;TRUE;793.0;TRUE;6;1;WORLD;21;2;TRUE;nee;1141.0;Y;regressietest;;;;;;;;;;
MP-F20;FAMILY;2;1;0;0;TRUE;429.0;FALSE;0;0;-;0;0;FALSE;nee;429.0;Y;;;;;;;;;;;
MP-F21;FAMILY;2;2;0;0;TRUE;539.0;FALSE;0;0;-;0;0;FALSE;nee;539.0;Y;;;;;;;;;;;
MP-F22;FAMILY;2;1;1;0;TRUE;513.0;FALSE;0;0;-;0;0;FALSE;nee;513.0;Y;;;;;;;;;;;
MP-F23;FAMILY;2;1;0;1;TRUE;523.0;FALSE;0;0;-;0;0;FALSE;nee;523.0;Y;;;;;;;;;;;
MP-F24;FAMILY;2;1;0;0;TRUE;429.0;TRUE;5;1;-;0;0;FALSE;nee;477.0;Y;;;;;;;;;;;
MP-F25;FAMILY;2;1;0;0;TRUE;429.0;FALSE;0;0;EUROPE;7;1;FALSE;nee;454.0;Y;;;;;;;;;;;
MP-F26;FAMILY;2;1;0;0;TRUE;429.0;FALSE;0;0;WORLD;14;1;FALSE;nee;513.0;Y;;;;;;;;;;;
MP-F28;FAMILY;2;1;0;0;TRUE;544.0;FALSE;0;0;-;0;0;TRUE;nee;544.0;Y;;;;;;;;;;;
MP-F29;FAMILY;9;5;5;1;TRUE;1383.0;TRUE;5;9;EUROPE;21;9;FALSE;nee;2382.0;Y;;;;;;;;;;;
MP-F30;FAMILY;9;5;5;1;TRUE;1498.0;TRUE;12;9;WORLD;7;9;TRUE;nee;5332.0;Y;;;;;;;;;;;
MP-F33;FAMILY;2;2;2;1;TRUE;916.0;TRUE;6;2;WORLD;21;2;TRUE;nee;1360.0;Y;;;;;;;;;;;
MP-RGR;FAMILY;2;2;2;1;TRUE;916.0;FALSE;0;0;-;0;0;TRUE;FALSE;916.0;Y;regressietest;;;;;;;;;;
