Description;Type;hasInsurance;NrBijkomendeVoertuigen;NrVervangVoertuigen;PrijsBeforeFunnel;korting;prijs;RunTest;;Polis;Basis;VT;VVW
PB_F01;nieuw;FALSE;0;0;128.0;nee;128.0;Y;;nieuw;125;98;58
PB_F02;nieuw;FALSE;0;1;187.0;nee;187.0;Y;;bestaand;98;98;58
PB_F03;nieuw;FALSE;1;0;238.0;nee;238.0;Y;;;;;
PB_F05;nieuw;FALSE;4;5;863.0;nee;863.0;Y;;;;;
PB_RGR;nieuw;FALSE;2;2;466.0;nee;466.0;Y;regressietest;;;;
PB_F06;bestaand;TRUE;0;0;110.0;nee;110.0;Y;;;;;
PB_F08;bestaand;TRUE;0;1;169.0;nee;169.0;Y;;;;;
NEG_01;nieuw;FALSE;4;6;863.0;nee;863.0;Y;;;;;
NEG_02;nieuw;FALSE;0;2;187.0;nee;187.0;Y;;;;;
NEG_03;nieuw;FALSE;0;3;187.0;nee;187.0;Y;;;;;
NEG_04;nieuw;FALSE;5;7;807.0;nee;807.0;N;deze lukt effectief. Defect!;;;;
NEG_05;nieuw;FALSE;5;5;807.0;nee;807.0;N;deze lukt effectief. Defect!;;;;
