Alone;Family;NrFamilyMembers;voertuigen;vervang voertuigen;motor home;bagage;PrijsBeforeFunnel;LangerVerblijf;langer verblijf - maand;lang verblijf - personen;personenbijstand;personenbijstand - dagen;personenbijstand - personen;korting;prijs;RunTest;;Polis;Basis;VT1;VT2;VVW;MH;BAG;LV;PB-EU;PB-INT
TRUE;FALSE;1;0;0;0;0;92.0;FALSE;0;0;-;0;0;nee;92.0;Y;;Single;90;16;56;35;64;105;47;2;4
TRUE;FALSE;1;0;0;0;0;92.0;FALSE;0;0;-;0;0;nee;92.0;Y;;Gezin;113;16;56;35;64;169;47;2;4
TRUE;FALSE;1;1;1;0;0;145.0;FALSE;0;0;-;0;0;nee;145.0;Y;;;;;;;;;;;
TRUE;FALSE;1;1;0;1;0;174.0;FALSE;0;0;-;0;0;nee;174.0;Y;;;;;;;;;;;
TRUE;FALSE;1;0;0;0;1;199.0;FALSE;0;0;-;0;0;nee;199.0;Y;;;;;;;;;;;
TRUE;FALSE;1;0;0;0;0;92.0;TRUE;5;1;-;0;0;nee;140.0;Y;;;;;;;;;;;
TRUE;FALSE;1;0;0;0;0;92.0;FALSE;0;0;EUROPE;7;1;nee;117.0;Y;;;;;;;;;;;
TRUE;FALSE;1;0;0;0;0;92.0;FALSE;0;0;WORLD;14;1;nee;176.0;Y;;;;;;;;;;;
TRUE;FALSE;1;5;5;1;1;646.0;TRUE;5;1;EUROPE;21;9;nee;1261.0;Y;;;;;;;;;;;
TRUE;FALSE;1;5;5;1;1;646.0;TRUE;12;1;WORLD;7;9;nee;1408.0;Y;;;;;;;;;;;
FALSE;TRUE;2;0;0;0;0;116.0;FALSE;0;0;-;0;0;nee;116.0;Y;;;;;;;;;;;
FALSE;TRUE;2;2;0;0;0;150.0;FALSE;0;0;-;0;0;nee;150.0;Y;;;;;;;;;;;
FALSE;TRUE;2;1;1;0;0;169.0;FALSE;0;0;-;0;0;nee;169.0;Y;;;;;;;;;;;
FALSE;TRUE;2;1;0;1;0;198.0;FALSE;0;0;-;0;0;nee;198.0;Y;;;;;;;;;;;
FALSE;TRUE;2;0;0;0;1;288.0;FALSE;0;0;-;0;0;nee;288.0;Y;;;;;;;;;;;
FALSE;TRUE;2;0;0;0;0;116.0;TRUE;5;1;-;0;0;nee;164.0;Y;;;;;;;;;;;
FALSE;TRUE;2;0;0;0;0;116.0;FALSE;0;0;EUROPE;7;1;nee;141.0;Y;;;;;;;;;;;
FALSE;TRUE;2;0;0;0;0;116.0;FALSE;0;0;WORLD;14;1;nee;200.0;Y;;;;;;;;;;;
FALSE;TRUE;9;5;5;1;1;735.0;TRUE;5;9;EUROPE;21;9;nee;1734.0;Y;;;;;;;;;;;
FALSE;TRUE;9;5;5;1;1;735.0;TRUE;12;9;WORLD;7;9;nee;4569.0;Y;;;;;;;;;;;
TRUE;FALSE;1;1;1;1;1;317.0;TRUE;5;1;WORLD;2;1;nee;390.0;Y;Regressietest;;;;;;;;;;
FALSE;TRUE;2;2;2;1;1;459.0;FALSE;0;0;WORLD;14;2;nee;627.0;Y;Regressietest;;;;;;;;;;
