Description;Type;NrFamilyMembers;voertuigen;vervang voertuigen;motor home;bagage;PrijsBeforeFunnel;LangerVerblijf;langer verblijf - maand;lang verblijf - personen;personenbijstand;personenbijstand - dagen;personenbijstand - personen;Annulatieverzekering;korting;prijs;RunTest;;;Basis;VT;VT2;VVW;MH;BAG;ANN;LV;PB-EU;PB-INT
VP-F01;SINGLE;1;0;0;0;FALSE;213.0;FALSE;0;0;-;0;0;FALSE;nee;213.0;Y;;SINGLE;213;17;17;36;65;107;76;48;3;4
VP-F02;SINGLE;1;2;0;0;FALSE;247.0;FALSE;0;0;-;0;0;FALSE;nee;247.0;Y;;FAMILY;426;17;17;36;65;172;115;48;3;4
VP-F03;SINGLE;1;1;1;0;FALSE;266.0;FALSE;0;0;-;0;0;FALSE;nee;266.0;Y;;;;;;;;;;;;
VP-F04;SINGLE;1;1;0;1;FALSE;295.0;FALSE;0;0;-;0;0;FALSE;nee;295.0;Y;;;;;;;;;;;;
VP-F05;SINGLE;1;0;0;0;TRUE;320.0;FALSE;0;0;-;0;0;FALSE;nee;320.0;Y;;;;;;;;;;;;
VP-F06;SINGLE;1;0;0;0;FALSE;213.0;TRUE;5;1;-;0;0;FALSE;nee;261.0;Y;;;;;;;;;;;;
VP-F07;SINGLE;1;0;0;0;FALSE;213.0;FALSE;0;0;EUROPE;7;1;FALSE;nee;238.0;Y;;;;;;;;;;;;
VP-F08;SINGLE;1;0;0;0;FALSE;213.0;FALSE;0;0;WORLD;14;1;FALSE;nee;297.0;Y;;;;;;;;;;;;
VP-F10;SINGLE;1;0;0;0;FALSE;213.0;FALSE;0;0;-;0;0;TRUE;nee;289.0;Y;;;;;;;;;;;;
VP-F11;SINGLE;1;5;5;1;TRUE;767.0;TRUE;5;1;EUROPE;21;9;FALSE;nee;1382.0;Y;;;;;;;;;;;;
VP-F12;SINGLE;1;5;5;1;TRUE;767.0;TRUE;12;1;WORLD;7;9;TRUE;nee;1605.0;Y;;;;;;;;;;;;
VP-F20;FAMILY;2;0;0;0;FALSE;300.0;FALSE;0;0;-;0;0;FALSE;nee;300.0;Y;;;;;;;;;;;;
VP-F21;FAMILY;2;2;0;0;FALSE;334.0;FALSE;0;0;-;0;0;FALSE;nee;334.0;Y;;;;;;;;;;;;
VP-F22;FAMILY;2;1;1;0;FALSE;353.0;FALSE;0;0;-;0;0;FALSE;nee;353.0;Y;;;;;;;;;;;;
VP-F23;FAMILY;2;1;0;1;FALSE;382.0;FALSE;0;0;-;0;0;FALSE;nee;382.0;Y;;;;;;;;;;;;
VP-F24;FAMILY;2;0;0;0;TRUE;472.0;FALSE;0;0;-;0;0;FALSE;nee;472.0;Y;;;;;;;;;;;;
VP-F25;FAMILY;2;0;0;0;FALSE;300.0;TRUE;5;1;-;0;0;FALSE;nee;348.0;Y;;;;;;;;;;;;
VP-F26;FAMILY;2;0;0;0;FALSE;300.0;FALSE;0;0;EUROPE;7;1;FALSE;nee;325.0;Y;;;;;;;;;;;;
VP-F27;FAMILY;2;0;0;0;FALSE;300.0;FALSE;0;0;WORLD;14;1;FALSE;nee;384.0;Y;;;;;;;;;;;;
VP-F29;FAMILY;2;0;0;0;FALSE;300.0;FALSE;0;0;-;0;0;TRUE;nee;415.0;Y;;;;;;;;;;;;
VP-F30;FAMILY;9;5;5;1;TRUE;919.0;TRUE;5;9;EUROPE;21;9;FALSE;nee;1918.0;Y;;;;;;;;;;;;
VP-F31;FAMILY;9;5;5;1;TRUE;919.0;TRUE;12;9;WORLD;7;9;TRUE;nee;4868.0;Y;;;;;;;;;;;;
VP-F35;FAMILY;2;2;2;1;TRUE;643.0;TRUE;6;2;EUROPE;7;2;FALSE;nee;885.0;Y;;;;;;;;;;;;
VP-RGR;FAMILY;2;2;2;1;TRUE;643.0;FALSE;0;0;EUROPE;7;2;FALSE;nee;693.0;Y;regressietest;;;;;;;;;;;
VP-RGR;FAMILY;2;2;2;1;TRUE;643.0;FALSE;0;0;EUROPE;7;2;FALSE;nee;699.0;N;bad test;;;;;;;;;;;
